,cum,t
0,0.0,0.0
1,0.0,0.04
2,0.0,0.08
3,0.0,0.12
4,0.0,0.16
5,0.0,0.2
6,0.0,0.24
7,0.0,0.28
8,0.0,0.32
9,0.0,0.36
10,0.0,0.4
11,0.0,0.44
12,0.0,0.48
13,0.0,0.52
14,0.0,0.56
15,0.0,0.6
16,0.0,0.64
17,0.0,0.68
18,0.0,0.72
19,0.0,0.76
20,0.0,0.8
21,0.0,0.84
22,0.0,0.88
23,0.0,0.92
24,0.0,0.96
25,0.0,1.0
26,0.0,1.04
27,0.0,1.08
28,0.0,1.12
29,0.0,1.16
30,0.0,1.2
31,0.0,1.24
32,0.0,1.28
33,0.0,1.32
34,0.0,1.36
35,0.0,1.4
36,0.0,1.44
37,0.0,1.48
38,0.0,1.52
39,0.0,1.56
40,0.0,1.6
41,0.0,1.64
42,0.0,1.68
43,0.0,1.72
44,0.0,1.76
45,1.0,1.8
46,1.0,1.84
47,1.0,1.88
48,1.0,1.92
49,1.0,1.96
50,1.0,2.0
51,1.0,2.04
52,1.0,2.08
53,1.0,2.12
54,1.0,2.16
55,1.0,2.2
56,1.0,2.24
57,1.0,2.28
58,1.0,2.32
59,1.0,2.36
60,1.0,2.4
61,1.0,2.44
62,1.0,2.48
63,1.0,2.52
64,1.0,2.56
65,1.0,2.6
66,1.0,2.64
67,1.0,2.68
68,1.0,2.72
69,1.0,2.76
70,1.0,2.8
71,1.0,2.84
72,1.0,2.88
73,1.0,2.92
74,1.0,2.96
75,1.0,3.0
76,1.0,3.04
77,1.0,3.08
78,1.0,3.12
79,2.0,3.16
80,2.0,3.2
81,2.0,3.24
82,2.0,3.28
83,2.0,3.32
84,2.0,3.36
85,2.0,3.4
86,2.0,3.44
87,2.0,3.48
88,2.0,3.52
89,2.0,3.56
90,2.0,3.6
91,2.0,3.64
92,2.0,3.68
93,2.0,3.72
94,2.0,3.76
95,2.0,3.8
96,2.0,3.84
97,2.0,3.88
98,2.0,3.92
99,2.0,3.96
100,2.0,4.0
101,2.0,4.04
102,2.0,4.08
103,2.0,4.12
104,2.0,4.16
105,2.0,4.2
106,2.0,4.24
107,2.0,4.28
108,3.0,4.32
109,3.0,4.36
110,3.0,4.4
111,3.0,4.44
112,3.0,4.48
113,3.0,4.52
114,3.0,4.56
115,3.0,4.6
116,3.0,4.64
117,3.0,4.68
118,4.0,4.72
119,4.0,4.76
120,4.0,4.8
121,4.0,4.84
122,4.0,4.88
123,4.0,4.92
124,4.0,4.96
125,4.0,5.0
126,4.0,5.04
127,5.0,5.08
128,5.0,5.12
129,5.0,5.16
130,5.0,5.2
131,5.0,5.24
132,5.0,5.28
133,5.0,5.32
134,5.0,5.36
135,5.0,5.4
136,5.0,5.44
137,5.0,5.48
138,5.0,5.52
139,5.0,5.56
140,5.0,5.6
141,5.0,5.64
142,5.0,5.68
143,5.0,5.72
144,5.0,5.76
145,5.0,5.8
146,5.0,5.84
147,5.0,5.88
148,5.0,5.92
149,5.0,5.96
150,5.0,6.0
151,5.0,6.04
152,5.0,6.08
153,5.0,6.12
154,5.0,6.16
155,6.0,6.2
156,6.0,6.24
157,6.0,6.28
158,6.0,6.32
159,6.0,6.36
160,6.0,6.4
161,6.0,6.44
162,6.0,6.48
163,6.0,6.52
164,6.0,6.56
165,6.0,6.6
166,6.0,6.64
167,6.0,6.68
168,6.0,6.72
169,6.0,6.76
170,6.0,6.8
171,6.0,6.84
172,6.0,6.88
173,6.0,6.92
174,6.0,6.96
175,6.0,7.0
176,6.0,7.04
177,6.0,7.08
178,6.0,7.12
179,6.0,7.16
180,6.0,7.2
181,6.0,7.24
182,6.0,7.28
183,6.0,7.32
184,6.0,7.36
185,6.0,7.4
186,7.0,7.44
187,7.0,7.48
188,7.0,7.52
189,7.0,7.56
190,7.0,7.6
191,7.0,7.64
192,7.0,7.68
193,7.0,7.72
194,7.0,7.76
195,7.0,7.8
196,7.0,7.84
197,7.0,7.88
198,7.0,7.92
199,7.0,7.96
200,7.0,8.0
201,7.0,8.04
202,7.0,8.08
203,7.0,8.12
204,7.0,8.16
205,7.0,8.2
206,7.0,8.24
207,7.0,8.28
208,7.0,8.32
209,7.0,8.36
210,7.0,8.4
211,7.0,8.44
212,8.0,8.48
213,8.0,8.52
214,8.0,8.56
215,8.0,8.6
216,8.0,8.64
217,8.0,8.68
218,8.0,8.72
219,8.0,8.76
220,8.0,8.8
221,8.0,8.84
222,8.0,8.88
223,8.0,8.92
224,8.0,8.96
225,8.0,9.0
226,8.0,9.04
227,8.0,9.08
228,8.0,9.12
229,8.0,9.16
230,8.0,9.2
231,9.0,9.24
232,9.0,9.28
233,9.0,9.32
234,9.0,9.36
235,9.0,9.4
236,9.0,9.44
237,9.0,9.48
238,9.0,9.52
239,9.0,9.56
240,9.0,9.6
241,9.0,9.64
242,9.0,9.68
243,9.0,9.72
244,9.0,9.76
245,9.0,9.8
246,9.0,9.84
247,9.0,9.88
248,9.0,9.92
249,9.0,9.96
250,9.0,10.0
251,9.0,10.04
252,10.0,10.08
253,10.0,10.12
254,10.0,10.16
255,10.0,10.2
256,10.0,10.24
257,10.0,10.28
258,10.0,10.32
259,10.0,10.36
260,10.0,10.4
261,10.0,10.44
262,10.0,10.48
263,10.0,10.52
264,10.0,10.56
265,10.0,10.6
266,10.0,10.64
267,10.0,10.68
268,10.0,10.72
269,10.0,10.76
270,10.0,10.8
271,10.0,10.84
272,10.0,10.88
273,11.0,10.92
274,11.0,10.96
275,11.0,11.0
276,11.0,11.04
277,11.0,11.08
278,11.0,11.12
279,11.0,11.16
280,11.0,11.2
281,11.0,11.24
282,11.0,11.28
283,11.0,11.32
284,11.0,11.36
285,11.0,11.4
286,11.0,11.44
287,11.0,11.48
288,11.0,11.52
289,11.0,11.56
290,11.0,11.6
291,11.0,11.64
292,11.0,11.68
293,11.0,11.72
294,11.0,11.76
295,11.0,11.8
296,11.0,11.84
297,11.0,11.88
298,11.0,11.92
299,11.0,11.96
300,11.0,12.0
301,11.0,12.04
302,11.0,12.08
303,11.0,12.12
304,11.0,12.16
305,12.0,12.2
306,12.0,12.24
307,12.0,12.28
308,12.0,12.32
309,12.0,12.36
310,12.0,12.4
311,12.0,12.44
312,12.0,12.48
313,12.0,12.52
314,12.0,12.56
315,12.0,12.6
316,12.0,12.64
317,12.0,12.68
318,12.0,12.72
319,12.0,12.76
320,12.0,12.8
321,12.0,12.84
322,12.0,12.88
323,12.0,12.92
324,12.0,12.96
325,12.0,13.0
326,12.0,13.04
327,12.0,13.08
328,12.0,13.12
329,12.0,13.16
330,12.0,13.2
331,12.0,13.24
332,12.0,13.28
333,12.0,13.32
334,12.0,13.36
335,13.0,13.4
336,13.0,13.44
337,13.0,13.48
338,13.0,13.52
339,13.0,13.56
340,13.0,13.6
341,13.0,13.64
342,13.0,13.68
343,13.0,13.72
344,13.0,13.76
345,13.0,13.8
346,13.0,13.84
347,13.0,13.88
348,13.0,13.92
349,13.0,13.96
350,13.0,14.0
351,13.0,14.04
352,13.0,14.08
353,13.0,14.12
354,13.0,14.16
355,13.0,14.2
356,13.0,14.24
357,13.0,14.28
358,13.0,14.32
359,13.0,14.36
360,13.0,14.4
361,13.0,14.44
362,13.0,14.48
363,13.0,14.52
364,13.0,14.56
365,13.0,14.6
366,13.0,14.64
367,13.0,14.68
368,13.0,14.72
369,13.0,14.76
370,14.0,14.8
371,14.0,14.84
372,14.0,14.88
373,14.0,14.92
374,14.0,14.96
375,14.0,15.0
376,14.0,15.04
377,14.0,15.08
378,14.0,15.12
379,14.0,15.16
380,14.0,15.2
381,14.0,15.24
382,14.0,15.28
383,14.0,15.32
384,14.0,15.36
385,14.0,15.4
386,14.0,15.44
387,14.0,15.48
388,14.0,15.52
389,14.0,15.56
390,14.0,15.6
391,14.0,15.64
392,15.0,15.68
393,15.0,15.72
394,15.0,15.76
395,15.0,15.8
396,15.0,15.84
397,15.0,15.88
398,15.0,15.92
399,15.0,15.96
400,15.0,16.0
401,15.0,16.04
402,15.0,16.08
403,15.0,16.12
404,15.0,16.16
405,15.0,16.2
406,15.0,16.24
407,15.0,16.28
408,15.0,16.32
409,15.0,16.36
410,15.0,16.4
411,15.0,16.44
412,15.0,16.48
413,15.0,16.52
414,15.0,16.56
415,15.0,16.6
416,15.0,16.64
417,15.0,16.68
418,15.0,16.72
419,15.0,16.76
420,15.0,16.8
421,15.0,16.84
422,15.0,16.88
423,15.0,16.92
424,15.0,16.96
425,15.0,17.0
426,15.0,17.04
427,15.0,17.08
428,15.0,17.12
429,15.0,17.16
430,15.0,17.2
431,15.0,17.24
432,15.0,17.28
433,15.0,17.32
434,15.0,17.36
435,15.0,17.4
436,15.0,17.44
437,15.0,17.48
438,15.0,17.52
439,15.0,17.56
440,15.0,17.6
441,15.0,17.64
442,15.0,17.68
443,15.0,17.72
444,15.0,17.76
445,15.0,17.8
446,16.0,17.84
447,16.0,17.88
448,16.0,17.92
449,16.0,17.96
450,16.0,18.0
451,16.0,18.04
452,16.0,18.08
453,16.0,18.12
454,16.0,18.16
455,16.0,18.2
456,16.0,18.24
457,16.0,18.28
458,16.0,18.32
459,16.0,18.36
460,16.0,18.4
461,16.0,18.44
462,16.0,18.48
463,16.0,18.52
464,16.0,18.56
465,17.0,18.6
466,17.0,18.64
467,17.0,18.68
468,17.0,18.72
469,17.0,18.76
470,17.0,18.8
471,17.0,18.84
472,17.0,18.88
473,17.0,18.92
474,17.0,18.96
475,17.0,19.0
476,17.0,19.04
477,17.0,19.08
478,17.0,19.12
479,17.0,19.16
480,17.0,19.2
481,17.0,19.24
482,17.0,19.28
483,17.0,19.32
484,17.0,19.36
485,17.0,19.4
486,17.0,19.44
487,18.0,19.48
488,18.0,19.52
489,18.0,19.56
490,18.0,19.6
491,18.0,19.64
492,18.0,19.68
493,18.0,19.72
494,18.0,19.76
495,18.0,19.8
496,18.0,19.84
497,18.0,19.88
498,18.0,19.92
499,18.0,19.96
500,18.0,20.0
501,18.0,20.04
502,18.0,20.08
503,18.0,20.12
504,18.0,20.16
505,18.0,20.2
506,18.0,20.24
507,18.0,20.28
508,18.0,20.32
509,18.0,20.36
510,18.0,20.4
511,18.0,20.44
512,18.0,20.48
513,18.0,20.52
514,18.0,20.56
515,18.0,20.6
516,18.0,20.64
517,18.0,20.68
518,18.0,20.72
519,18.0,20.76
520,18.0,20.8
521,18.0,20.84
522,18.0,20.88
523,18.0,20.92
524,18.0,20.96
525,18.0,21.0
526,18.0,21.04
527,18.0,21.08
528,18.0,21.12
529,18.0,21.16
530,18.0,21.2
531,18.0,21.24
532,18.0,21.28
533,18.0,21.32
534,18.0,21.36
535,18.0,21.4
536,18.0,21.44
537,18.0,21.48
538,18.0,21.52
539,18.0,21.56
540,18.0,21.6
541,18.0,21.64
542,18.0,21.68
543,18.0,21.72
544,18.0,21.76
545,18.0,21.8
546,19.0,21.84
547,19.0,21.88
548,19.0,21.92
549,19.0,21.96
550,19.0,22.0
551,19.0,22.04
552,19.0,22.08
553,19.0,22.12
554,19.0,22.16
555,19.0,22.2
556,19.0,22.24
557,19.0,22.28
558,19.0,22.32
559,19.0,22.36
560,19.0,22.4
561,19.0,22.44
562,19.0,22.48
563,19.0,22.52
564,19.0,22.56
565,20.0,22.6
566,20.0,22.64
567,20.0,22.68
568,20.0,22.72
569,20.0,22.76
570,20.0,22.8
571,20.0,22.84
572,20.0,22.88
573,20.0,22.92
574,20.0,22.96
575,20.0,23.0
576,20.0,23.04
577,20.0,23.08
578,20.0,23.12
579,20.0,23.16
580,20.0,23.2
581,20.0,23.24
582,20.0,23.28
583,20.0,23.32
584,20.0,23.36
585,20.0,23.4
586,20.0,23.44
587,20.0,23.48
588,20.0,23.52
589,20.0,23.56
590,20.0,23.6
591,20.0,23.64
592,20.0,23.68
593,20.0,23.72
594,20.0,23.76
595,20.0,23.8
596,20.0,23.84
597,20.0,23.88
598,20.0,23.92
599,20.0,23.96
600,20.0,24.0
601,20.0,24.04
602,20.0,24.08
603,20.0,24.12
604,20.0,24.16
605,20.0,24.2
606,20.0,24.24
607,20.0,24.28
608,20.0,24.32
609,20.0,24.36
610,20.0,24.4
611,20.0,24.44
612,20.0,24.48
613,20.0,24.52
614,20.0,24.56
615,20.0,24.6
616,20.0,24.64
617,20.0,24.68
618,20.0,24.72
619,20.0,24.76
620,20.0,24.8
621,20.0,24.84
622,20.0,24.88
623,20.0,24.92
624,20.0,24.96
625,20.0,25.0
626,20.0,25.04
627,20.0,25.08
628,20.0,25.12
629,20.0,25.16
630,20.0,25.2
631,20.0,25.24
632,20.0,25.28
633,20.0,25.32
634,20.0,25.36
635,20.0,25.4
636,20.0,25.44
637,20.0,25.48
638,20.0,25.52
639,20.0,25.56
640,20.0,25.6
641,20.0,25.64
642,20.0,25.68
643,20.0,25.72
644,20.0,25.76
645,20.0,25.8
646,20.0,25.84
647,20.0,25.88
648,20.0,25.92
649,20.0,25.96
650,20.0,26.0
651,20.0,26.04
652,20.0,26.08
653,21.0,26.12
654,21.0,26.16
655,21.0,26.2
656,21.0,26.24
657,21.0,26.28
658,21.0,26.32
659,21.0,26.36
660,21.0,26.4
661,21.0,26.44
662,21.0,26.48
663,21.0,26.52
664,21.0,26.56
665,21.0,26.6
666,21.0,26.64
667,21.0,26.68
668,21.0,26.72
669,21.0,26.76
670,21.0,26.8
671,21.0,26.84
672,21.0,26.88
673,21.0,26.92
674,21.0,26.96
675,22.0,27.0
676,22.0,27.04
677,22.0,27.08
678,22.0,27.12
679,22.0,27.16
680,22.0,27.2
681,22.0,27.24
682,22.0,27.28
683,22.0,27.32
684,22.0,27.36
685,22.0,27.4
686,22.0,27.44
687,22.0,27.48
688,22.0,27.52
689,22.0,27.56
690,22.0,27.6
691,22.0,27.64
692,22.0,27.68
693,22.0,27.72
694,22.0,27.76
695,22.0,27.8
696,22.0,27.84
697,22.0,27.88
698,22.0,27.92
699,22.0,27.96
700,22.0,28.0
701,22.0,28.04
702,22.0,28.08
703,22.0,28.12
704,22.0,28.16
705,22.0,28.2
706,22.0,28.24
707,22.0,28.28
708,22.0,28.32
709,22.0,28.36
710,23.0,28.4
711,23.0,28.44
712,23.0,28.48
713,23.0,28.52
714,23.0,28.56
715,23.0,28.6
716,23.0,28.64
717,23.0,28.68
718,23.0,28.72
719,23.0,28.76
720,23.0,28.8
721,23.0,28.84
722,23.0,28.88
723,23.0,28.92
724,23.0,28.96
725,23.0,29.0
726,23.0,29.04
727,23.0,29.08
728,23.0,29.12
729,23.0,29.16
730,23.0,29.2
731,23.0,29.24
732,23.0,29.28
733,23.0,29.32
734,23.0,29.36
735,23.0,29.4
736,23.0,29.44
737,23.0,29.48
738,23.0,29.52
739,23.0,29.56
740,23.0,29.6
741,23.0,29.64
742,23.0,29.68
743,23.0,29.72
744,23.0,29.76
745,23.0,29.8
746,23.0,29.84
747,23.0,29.88
748,23.0,29.92
749,23.0,29.96
750,23.0,30.0
751,23.0,30.04
752,23.0,30.08
753,23.0,30.12
754,23.0,30.16
755,23.0,30.2
756,24.0,30.24
757,24.0,30.28
758,24.0,30.32
759,24.0,30.36
760,24.0,30.4
761,24.0,30.44
762,24.0,30.48
763,24.0,30.52
764,24.0,30.56
765,24.0,30.6
766,24.0,30.64
767,24.0,30.68
768,24.0,30.72
769,25.0,30.76
770,25.0,30.8
771,25.0,30.84
772,25.0,30.88
773,25.0,30.92
774,25.0,30.96
775,25.0,31.0
776,25.0,31.04
777,25.0,31.08
778,25.0,31.12
779,25.0,31.16
780,25.0,31.2
781,25.0,31.24
782,25.0,31.28
783,25.0,31.32
784,25.0,31.36
785,25.0,31.4
786,25.0,31.44
787,25.0,31.48
788,25.0,31.52
789,25.0,31.56
790,25.0,31.6
791,25.0,31.64
792,25.0,31.68
793,26.0,31.72
794,26.0,31.76
795,26.0,31.8
796,26.0,31.84
797,26.0,31.88
798,26.0,31.92
799,26.0,31.96
800,26.0,32.0
801,26.0,32.04
802,26.0,32.08
803,26.0,32.12
804,26.0,32.16
805,26.0,32.2
806,26.0,32.24
807,26.0,32.28
808,26.0,32.32
809,26.0,32.36
810,26.0,32.4
811,26.0,32.44
812,26.0,32.48
813,26.0,32.52
814,26.0,32.56
815,27.0,32.6
816,27.0,32.64
817,27.0,32.68
818,27.0,32.72
819,27.0,32.76
820,27.0,32.8
821,27.0,32.84
822,27.0,32.88
823,27.0,32.92
824,27.0,32.96
825,28.0,33.0
826,28.0,33.04
827,28.0,33.08
828,28.0,33.12
829,28.0,33.16
830,28.0,33.2
831,28.0,33.24
832,28.0,33.28
833,28.0,33.32
834,28.0,33.36
835,28.0,33.4
836,28.0,33.44
837,28.0,33.48
838,28.0,33.52
839,28.0,33.56
840,28.0,33.6
841,28.0,33.64
842,28.0,33.68
843,28.0,33.72
844,29.0,33.76
845,29.0,33.8
846,29.0,33.84
847,29.0,33.88
848,29.0,33.92
849,29.0,33.96
850,29.0,34.0
851,29.0,34.04
852,29.0,34.08
853,29.0,34.12
854,29.0,34.16
855,29.0,34.2
856,29.0,34.24
857,29.0,34.28
858,29.0,34.32
859,29.0,34.36
860,29.0,34.4
861,29.0,34.44
862,29.0,34.48
863,29.0,34.52
864,30.0,34.56
865,30.0,34.6
866,30.0,34.64
867,30.0,34.68
868,30.0,34.72
869,30.0,34.76
870,30.0,34.8
871,30.0,34.84
872,30.0,34.88
873,30.0,34.92
874,30.0,34.96
875,30.0,35.0
876,30.0,35.04
877,30.0,35.08
878,30.0,35.12
879,30.0,35.16
880,30.0,35.2
881,30.0,35.24
882,30.0,35.28
883,30.0,35.32
884,30.0,35.36
885,30.0,35.4
886,30.0,35.44
887,30.0,35.48
888,31.0,35.52
889,31.0,35.56
890,31.0,35.6
891,31.0,35.64
892,31.0,35.68
893,31.0,35.72
894,31.0,35.76
895,31.0,35.8
896,31.0,35.84
897,31.0,35.88
898,31.0,35.92
899,31.0,35.96
900,31.0,36.0
901,31.0,36.04
902,31.0,36.08
903,31.0,36.12
904,31.0,36.16
905,31.0,36.2
906,31.0,36.24
907,31.0,36.28
908,31.0,36.32
909,31.0,36.36
910,32.0,36.4
911,32.0,36.44
912,32.0,36.48
913,32.0,36.52
914,32.0,36.56
915,32.0,36.6
916,32.0,36.64
917,32.0,36.68
918,32.0,36.72
919,32.0,36.76
920,32.0,36.8
921,32.0,36.84
922,33.0,36.88
923,33.0,36.92
924,33.0,36.96
925,33.0,37.0
926,33.0,37.04
927,33.0,37.08
928,33.0,37.12
929,33.0,37.16
930,33.0,37.2
931,33.0,37.24
932,33.0,37.28
933,33.0,37.32
934,33.0,37.36
935,33.0,37.4
936,33.0,37.44
937,33.0,37.48
938,33.0,37.52
939,33.0,37.56
940,33.0,37.6
941,33.0,37.64
942,33.0,37.68
943,33.0,37.72
944,33.0,37.76
945,33.0,37.8
946,33.0,37.84
947,33.0,37.88
948,33.0,37.92
949,33.0,37.96
950,33.0,38.0
951,34.0,38.04
952,34.0,38.08
953,34.0,38.12
954,34.0,38.16
955,34.0,38.2
956,34.0,38.24
957,34.0,38.28
958,34.0,38.32
959,34.0,38.36
960,34.0,38.4
961,34.0,38.44
962,34.0,38.48
963,34.0,38.52
964,34.0,38.56
965,34.0,38.6
966,34.0,38.64
967,34.0,38.68
968,35.0,38.72
969,35.0,38.76
970,35.0,38.8
971,35.0,38.84
972,35.0,38.88
973,35.0,38.92
974,35.0,38.96
975,35.0,39.0
976,35.0,39.04
977,35.0,39.08
978,35.0,39.12
979,35.0,39.16
980,35.0,39.2
981,35.0,39.24
982,35.0,39.28
983,35.0,39.32
984,35.0,39.36
985,35.0,39.4
986,35.0,39.44
987,35.0,39.48
988,36.0,39.52
989,36.0,39.56
990,36.0,39.6
991,36.0,39.64
992,36.0,39.68
993,36.0,39.72
994,36.0,39.76
995,36.0,39.8
996,36.0,39.84
997,36.0,39.88
998,36.0,39.92
999,36.0,39.96
1000,36.0,40.0
1001,36.0,40.04
1002,36.0,40.08
1003,36.0,40.12
1004,36.0,40.16
1005,36.0,40.2
1006,36.0,40.24
1007,37.0,40.28
1008,37.0,40.32
1009,37.0,40.36
1010,37.0,40.4
1011,37.0,40.44
1012,37.0,40.48
1013,37.0,40.52
1014,37.0,40.56
1015,37.0,40.6
1016,37.0,40.64
1017,37.0,40.68
1018,37.0,40.72
1019,37.0,40.76
1020,37.0,40.8
1021,37.0,40.84
1022,37.0,40.88
1023,37.0,40.92
1024,37.0,40.96
1025,37.0,41.0
1026,37.0,41.04
1027,37.0,41.08
1028,37.0,41.12
1029,37.0,41.16
1030,37.0,41.2
1031,37.0,41.24
1032,37.0,41.28
1033,38.0,41.32
1034,38.0,41.36
1035,38.0,41.4
1036,38.0,41.44
1037,38.0,41.48
1038,38.0,41.52
1039,38.0,41.56
1040,38.0,41.6
1041,38.0,41.64
1042,38.0,41.68
1043,38.0,41.72
1044,38.0,41.76
1045,38.0,41.8
1046,38.0,41.84
1047,38.0,41.88
1048,38.0,41.92
1049,38.0,41.96
1050,38.0,42.0
1051,38.0,42.04
1052,38.0,42.08
1053,38.0,42.12
1054,38.0,42.16
1055,38.0,42.2
1056,38.0,42.24
1057,38.0,42.28
1058,38.0,42.32
1059,38.0,42.36
1060,38.0,42.4
1061,38.0,42.44
1062,39.0,42.48
1063,39.0,42.52
1064,39.0,42.56
1065,40.0,42.6
1066,40.0,42.64
1067,40.0,42.68
1068,40.0,42.72
1069,40.0,42.76
1070,40.0,42.8
1071,40.0,42.84
1072,40.0,42.88
1073,40.0,42.92
1074,40.0,42.96
1075,40.0,43.0
1076,40.0,43.04
1077,40.0,43.08
1078,40.0,43.12
1079,40.0,43.16
1080,40.0,43.2
1081,40.0,43.24
1082,40.0,43.28
1083,40.0,43.32
1084,40.0,43.36
1085,40.0,43.4
1086,40.0,43.44
1087,40.0,43.48
1088,40.0,43.52
1089,40.0,43.56
1090,40.0,43.6
1091,40.0,43.64
1092,40.0,43.68
1093,40.0,43.72
1094,40.0,43.76
1095,40.0,43.8
1096,40.0,43.84
1097,42.0,43.88
1098,42.0,43.92
1099,42.0,43.96
1100,42.0,44.0
1101,42.0,44.04
1102,42.0,44.08
1103,42.0,44.12
1104,42.0,44.16
1105,42.0,44.2
1106,42.0,44.24
1107,42.0,44.28
1108,42.0,44.32
1109,42.0,44.36
1110,42.0,44.4
1111,42.0,44.44
1112,42.0,44.48
1113,42.0,44.52
1114,42.0,44.56
1115,42.0,44.6
1116,42.0,44.64
1117,42.0,44.68
1118,43.0,44.72
1119,43.0,44.76
1120,43.0,44.8
1121,43.0,44.84
1122,43.0,44.88
1123,43.0,44.92
1124,43.0,44.96
1125,43.0,45.0
1126,43.0,45.04
1127,43.0,45.08
1128,43.0,45.12
1129,43.0,45.16
1130,43.0,45.2
1131,43.0,45.24
1132,43.0,45.28
1133,43.0,45.32
1134,43.0,45.36
1135,43.0,45.4
1136,43.0,45.44
1137,43.0,45.48
1138,43.0,45.52
1139,43.0,45.56
1140,43.0,45.6
1141,43.0,45.64
1142,43.0,45.68
1143,43.0,45.72
1144,44.0,45.76
1145,44.0,45.8
1146,44.0,45.84
1147,44.0,45.88
1148,44.0,45.92
1149,44.0,45.96
1150,44.0,46.0
1151,44.0,46.04
1152,44.0,46.08
1153,44.0,46.12
1154,44.0,46.16
1155,44.0,46.2
1156,44.0,46.24
1157,44.0,46.28
1158,44.0,46.32
1159,44.0,46.36
1160,44.0,46.4
1161,44.0,46.44
1162,44.0,46.48
1163,44.0,46.52
1164,44.0,46.56
1165,44.0,46.6
1166,44.0,46.64
1167,44.0,46.68
1168,44.0,46.72
1169,45.0,46.76
1170,45.0,46.8
1171,45.0,46.84
1172,45.0,46.88
1173,45.0,46.92
1174,45.0,46.96
1175,45.0,47.0
1176,45.0,47.04
1177,45.0,47.08
1178,45.0,47.12
1179,45.0,47.16
1180,45.0,47.2
1181,45.0,47.24
1182,45.0,47.28
1183,45.0,47.32
1184,45.0,47.36
1185,45.0,47.4
1186,45.0,47.44
1187,45.0,47.48
1188,45.0,47.52
1189,45.0,47.56
1190,45.0,47.6
1191,45.0,47.64
1192,45.0,47.68
1193,45.0,47.72
1194,46.0,47.76
1195,46.0,47.8
1196,46.0,47.84
1197,46.0,47.88
1198,46.0,47.92
1199,46.0,47.96
1200,46.0,48.0
1201,46.0,48.04
1202,46.0,48.08
1203,46.0,48.12
1204,46.0,48.16
1205,46.0,48.2
1206,46.0,48.24
1207,46.0,48.28
1208,46.0,48.32
1209,46.0,48.36
1210,46.0,48.4
1211,46.0,48.44
1212,46.0,48.48
1213,46.0,48.52
1214,46.0,48.56
1215,46.0,48.6
1216,47.0,48.64
1217,47.0,48.68
1218,47.0,48.72
1219,47.0,48.76
1220,47.0,48.8
1221,47.0,48.84
1222,47.0,48.88
1223,47.0,48.92
1224,47.0,48.96
1225,47.0,49.0
1226,47.0,49.04
1227,47.0,49.08
1228,47.0,49.12
1229,47.0,49.16
1230,47.0,49.2
1231,47.0,49.24
1232,47.0,49.28
1233,47.0,49.32
1234,47.0,49.36
1235,47.0,49.4
1236,47.0,49.44
1237,47.0,49.48
1238,47.0,49.52
1239,47.0,49.56
1240,48.0,49.6
1241,48.0,49.64
1242,48.0,49.68
1243,48.0,49.72
1244,48.0,49.76
1245,48.0,49.8
1246,48.0,49.84
1247,48.0,49.88
1248,48.0,49.92
1249,48.0,49.96
1250,48.0,50.0
1251,48.0,50.04
1252,48.0,50.08
1253,48.0,50.12
1254,48.0,50.16
1255,48.0,50.2
1256,48.0,50.24
1257,48.0,50.28
1258,48.0,50.32
1259,49.0,50.36
1260,49.0,50.4
1261,49.0,50.44
1262,49.0,50.48
1263,49.0,50.52
1264,49.0,50.56
1265,49.0,50.6
1266,49.0,50.64
1267,49.0,50.68
1268,49.0,50.72
1269,49.0,50.76
1270,49.0,50.8
1271,49.0,50.84
1272,49.0,50.88
1273,49.0,50.92
1274,49.0,50.96
1275,49.0,51.0
1276,49.0,51.04
1277,49.0,51.08
1278,49.0,51.12
1279,49.0,51.16
1280,49.0,51.2
1281,49.0,51.24
1282,49.0,51.28
1283,49.0,51.32
1284,49.0,51.36
1285,49.0,51.4
1286,49.0,51.44
1287,49.0,51.48
1288,49.0,51.52
1289,49.0,51.56
1290,50.0,51.6
1291,50.0,51.64
1292,50.0,51.68
1293,50.0,51.72
1294,50.0,51.76
1295,50.0,51.8
1296,50.0,51.84
1297,50.0,51.88
1298,50.0,51.92
1299,50.0,51.96
1300,50.0,52.0
1301,50.0,52.04
1302,50.0,52.08
1303,50.0,52.12
1304,50.0,52.16
1305,50.0,52.2
1306,50.0,52.24
1307,50.0,52.28
1308,51.0,52.32
1309,51.0,52.36
1310,51.0,52.4
1311,51.0,52.44
1312,51.0,52.48
1313,51.0,52.52
1314,51.0,52.56
1315,51.0,52.6
1316,51.0,52.64
1317,51.0,52.68
1318,51.0,52.72
1319,51.0,52.76
1320,51.0,52.8
1321,51.0,52.84
1322,51.0,52.88
1323,51.0,52.92
1324,51.0,52.96
1325,51.0,53.0
1326,51.0,53.04
1327,51.0,53.08
1328,51.0,53.12
1329,51.0,53.16
1330,51.0,53.2
1331,51.0,53.24
1332,51.0,53.28
1333,51.0,53.32
1334,51.0,53.36
1335,51.0,53.4
1336,51.0,53.44
1337,51.0,53.48
1338,51.0,53.52
1339,51.0,53.56
1340,51.0,53.6
1341,52.0,53.64
1342,52.0,53.68
1343,52.0,53.72
1344,52.0,53.76
1345,52.0,53.8
1346,52.0,53.84
1347,52.0,53.88
1348,52.0,53.92
1349,52.0,53.96
1350,52.0,54.0
1351,52.0,54.04
1352,52.0,54.08
1353,52.0,54.12
1354,52.0,54.16
1355,52.0,54.2
1356,52.0,54.24
1357,52.0,54.28
1358,52.0,54.32
1359,52.0,54.36
1360,52.0,54.4
1361,52.0,54.44
1362,52.0,54.48
1363,52.0,54.52
1364,52.0,54.56
1365,52.0,54.6
1366,52.0,54.64
1367,52.0,54.68
1368,52.0,54.72
1369,52.0,54.76
1370,52.0,54.8
1371,52.0,54.84
1372,53.0,54.88
1373,53.0,54.92
1374,53.0,54.96
1375,53.0,55.0
1376,53.0,55.04
1377,53.0,55.08
1378,53.0,55.12
1379,53.0,55.16
1380,53.0,55.2
1381,53.0,55.24
1382,53.0,55.28
1383,53.0,55.32
1384,53.0,55.36
1385,53.0,55.4
1386,53.0,55.44
1387,53.0,55.48
1388,53.0,55.52
1389,53.0,55.56
1390,53.0,55.6
1391,53.0,55.64
1392,53.0,55.68
1393,53.0,55.72
1394,53.0,55.76
1395,53.0,55.8
1396,53.0,55.84
1397,53.0,55.88
1398,53.0,55.92
1399,53.0,55.96
1400,53.0,56.0
1401,53.0,56.04
1402,53.0,56.08
1403,53.0,56.12
1404,53.0,56.16
1405,53.0,56.2
1406,53.0,56.24
1407,53.0,56.28
1408,53.0,56.32
1409,53.0,56.36
1410,53.0,56.4
1411,53.0,56.44
1412,53.0,56.48
1413,53.0,56.52
1414,53.0,56.56
1415,53.0,56.6
1416,53.0,56.64
1417,53.0,56.68
1418,53.0,56.72
1419,54.0,56.76
1420,54.0,56.8
1421,54.0,56.84
1422,54.0,56.88
1423,54.0,56.92
1424,54.0,56.96
1425,54.0,57.0
1426,54.0,57.04
1427,54.0,57.08
1428,54.0,57.12
1429,54.0,57.16
1430,54.0,57.2
1431,54.0,57.24
1432,54.0,57.28
1433,54.0,57.32
1434,54.0,57.36
